{
  "youtube.py": 1776436566.993072,
  "config.py": 1776436546.0575635,
  "llm.py": 1776455303.8876367,
  "reddit.py": 1776436575.1460972,
  "models.py": 1776448358.2727761,
  "main.py": 1776452407.5394547,
  "database.py": 1776436550.0800862,
  "tests/__init__.py": 1776453926.0010207,
  "tests/test_llm.py": 1776453958.302807,
  "runtime.txt": 1776446629.3804157,
  "requirements.txt": 1776436537.7145505,
  "requirements-dev.txt": 1776454745.0777757
}